event_id,data_tier,venue,instrument,ohlcv_available,trade_tape_available,l2_snapshot_available,l2_incremental_available,depth_source_tag,used_in_net_profit_label,execution_grade,notes
usdc_svb_2023,A,Binance,BTCUSDT / BTCUSDC,True,True,True,True,real_l2_incremental,True,True,Binance USDM futures bookDepth available from Binance Vision archive. Primary depth source for VWAP net-profit labels.
usdc_svb_2023,A,Coinbase,BTC-USD,True,False,Partial,False,real_l2_snapshot (Tardis required for full historical replay),Partial,Partial,Coinbase REST candles (OHLCV) available without subscription. Full L2 snapshot history for March 2023 requires Tardis archive subscription. Not included in committed dataset.parquet. Live capture pipeline supports real_l2_snapshot if subscription is available.
usdc_svb_2023,A,Kraken,XXBTZUSD,False,False,Partial,False,real_l2_snapshot (Tardis required for historical replay),Partial,Partial,Kraken data not available from free public archive. Full L2 snapshot history requires Tardis subscription. Not in committed dataset.parquet. Live capture pipeline supports real_l2_snapshot via Kraken WS.
usdc_svb_recovery_2023,A,Binance,BTCUSDT / BTCUSDC,True,True,True,True,real_l2_incremental,True,True,Same as SVB period; Binance archive covers recovery window.
usdc_svb_recovery_2023,A,Coinbase,BTC-USD,True,False,Partial,False,real_l2_snapshot (Tardis required),Partial,Partial,Same as SVB period; Tardis required for full L2.
terra_ust_2022,B,Binance,BTCUSDT / BTCUSDC,True,True,Partial,False,synthetic_kline (OHLCV-derived),False,False,Binance Vision kline archives available. Real L2 depth not captured during May 2022. Synthetic kline depth excluded from paper-grade labels. Price-basis claims only.
ftx_collapse_2022,B,Binance,BTCUSDT / BTCUSDC,True,True,Partial,False,synthetic_kline,False,False,Binance archive available. Full L2 not captured during Nov 2022. Price-basis claims only.
busd_regulatory_2023,B,Binance,BBUSDUSDT,True,True,True,False,"real_l2_snapshot (Binance archive, but BUSD not benchmark instrument)",False,False,BUSD data available from Binance archive but BUSD is not a benchmark instrument (benchmark focuses on USDC/USDT/BTC routes). Price-basis claims only.
usdt_curve_2023,B,Binance,BTCUSDT / BTCUSDC,True,True,False,False,synthetic_kline,False,False,June 2023 falls after benchmark test split. Binance klines available. Full L2 not in benchmark dataset. Price-basis claims only.
