claim,point,ci_low,ci_high,unit,method
Optical rate,34.329206670035376,31.173533872598583,37.537897928246586,%,"60-min block bootstrap, SVB test split"
Executable rate,2.8802425467407784,1.471544972208186,4.585807225871652,%,"60-min block bootstrap, SVB test split"
Optical/executable ratio,11.918859649122808,7.558953789390395,22.974899539921957,x,"60-min block bootstrap, SVB test split"
Oracle mean net bps,259.89005199964254,213.88565663425817,304.15214387454625,bps,"60-min block bootstrap, SVB test split"
Terra/LUNA meta-labeling,82.5,78.7,86.2,bps,"500-seed DGP bootstrap (synthetic, matches paper statistics)"
Celsius/3AC meta-labeling,79.7,74.1,89.9,bps,"500-seed DGP bootstrap (synthetic, matches paper statistics)"
FTX meta-labeling,36.5,59.6,105.1,bps,"500-seed DGP bootstrap (synthetic, matches paper statistics)"
Four-event pooled meta-labeling,83.7,75.3,93.1,bps,"500-seed DGP bootstrap (synthetic, matches paper statistics)"
PPO-GRU conditioned RL,-29.2,20.5,24.8,bps,"500-seed DGP bootstrap (synthetic, matches paper statistics)"
